{"ID": 9325, "LastBatchID": 9, "DATA": [[77.83445566, 72.67098492, 63.30042055, 51.00099735, 38.91285229, 30.50252479, 27.58414606, 29.51611831, 34.06324349, 38.89734078, 42.470854100000004, 44.03578614, 43.43801885, 41.13167185, 38.22197369, 36.15475704, 36.04227463, 38.06212788, 41.41172233, 44.86071631, 47.441775, 48.78201421, 48.9897144, 48.37561519], [47.29334356, 46.14098748, 45.34077065, 45.152697700000004, 45.490439200000004, 46.04092847, 46.58895671, 47.04837606, 47.06458376, 45.78067017, 42.30656121, 36.53340671, 25.20151096, 30.94877751, 36.6670495, 42.21997609, 47.58959692, 52.74829449999999, 57.5450149, 61.56262558, 64.11020643, 64.53088253, 62.69408438, 59.30413917], [55.77496199, 53.70519974, 54.20231186, 57.40158587, 62.44893425, 67.93783778, 72.52084634, 75.37325912, 76.31736759, 75.60491232, 73.58154551, 70.54562055, 66.85539346, 63.00661629, 59.49855497, 56.68802944, 54.84977088, 54.26903045, 55.075499300000004, 56.944862300000004, 59.08849112, 60.60876881, 60.81895726, 59.25128341], [55.59890654, 49.93628232, 43.08181159, 36.61013698, 32.29045664, 31.28595064, 33.661615399999995, 38.44893771, 44.10575876, 49.10991059, 52.55920329, 54.62667313, 56.53087539999999, 59.79922315, 65.17556110000001, 71.96460079, 78.35158355, 82.49842474, 83.65434354, 82.5136806, 80.56216915, 78.86795596, 77.22833615, 74.39085518], [69.26653778, 62.18337879999999, 55.03396652, 50.01520999, 47.96093557, 47.76793365, 47.46206237, 45.91794496, 43.68880543, 42.33235132, 43.00960891, 45.63751428, 49.16903095, 52.49598619, 55.08232086, 56.96807631, 58.46962009, 59.96352787, 61.741612100000005, 63.76885413, 65.45398322, 65.77416008, 63.87637161, 59.77357352], [54.51284904, 49.58307445, 46.04135905, 44.09918123, 43.41102415, 43.64071163, 44.76199282, 46.94281309, 50.20854128, 54.125474, 57.70441619, 59.70966534, 59.35208037, 56.92011445, 53.75945143, 51.50752702, 51.14864285, 52.5441312, 54.63177773, 56.07248655, 55.98131873, 54.33953470000001, 51.80147893, 49.05318785], [37.28999764, 35.8300265, 37.09323573, 41.697173799999995, 48.98235963, 57.07274738, 63.68022534, 67.18847061, 67.38835734, 65.4881924, 63.39451219, 62.62479535, 63.47738665, 64.96097601, 65.45334188, 63.61145165, 59.05798284, 52.60821101, 45.98179581, 41.11259532, 39.36742891, 41.01375498, 45.08345034, 49.63070228]]}